Filename,Region,Clear Time,Fear,Aspect,Familiar,Attack,Special,Cast,Magick,Sprint,Other Boons
1.png,Surface,16:18,55,HammerLob_13,familiars_hound_01,Hera_27,Special,Demeter_29,Hera_32,EMPTY,Hephaestus_32 | Hermes_42 | Poseidon_34 | HammerLob_06 | Demeter_33 | Athena_30 | Artemis_28 | Hephaestus_33 | Demeter_38 | Poseidon_38 | Dionysus_30 | Hephaestus_38 | Circe_04 | HammerLob_03 | Demeter_40 | Hera_31 | Poseidon_44 | Demeter_41 | Hermes_28
10.png,Surface,16:00,65,HammerStaff_39,familiars_polecat_01,Zeus_27,Aphrodite_30,Hestia_29,Aphrodite_42,Hera_28,Circe_03 | Hera_38 | Hermes_42 | Selene_70 | Hades_09 | Selene_66 | Dionysus_32 | Selene_36 | Zeus_32 | Selene_124 | Aphrodite_35 | Selene_88 | Zeus_40 | Selene_40 | Aphrodite_36 | Zeus_43 | HammerStaff_38 | Selene_65 | Selene_35 | Hermes_41 | HammerStaff_28 | Selene_132 | Hestia_37 | Athena_29 | Selene_67
11.png,Surface,19:05,62,HammerStaff_42,familiars_polecat_01,Hera_27,Zeus_30,Hestia_29,Magick,Apollo_28,Jpom | Hera_35 | Hestia_32 | Selene_93 | Hades_09 | Circe_04 | Selene_36 | Hestia_37 | HammerStaff_43 | Hera_38 | Selene_94 | Zeus_37 | HammerStaff_38 | Selene_125 | Medea_06 | Dionysus_32 | Hera_34 | Zeus_32 | Apollo_36 | Selene_35 | Zeus_43 | Hermes_42 | Selene_51
12.png,Surface,19:16,62,HammerStaff_42,familiars_polecat_01,Hera_27,Zeus_30,Hestia_29,Magick,Apollo_28,Circe_03 | Selene_35 | Apollo_45 | Selene_36 | Hades_09 | Selene_91 | Dionysus_32 | Hera_40 | HammerStaff_43 | Selene_125 | Selene_93 | Demeter_37 | Medea_06 | Hera_36 | Hestia_37 | Hephaestus_34 | Zeus_37 | Apollo_37 | Selene_90 | Hestia_32 | Zeus_32 | Apollo_36 | Selene_43 | Hermes_37 | Hera_38 | HammerStaff_38 | Selene_51 | Aphrodite_33
13.png,Surface,18:04,65,HammerAxe_43,familiars_frog_01,Hera_27,Zeus_30,Demeter_29,Apollo_35,Apollo_28,Jpom | Selene_35 | Apollo_37 | Selene_90 | HammerAxe_33 | Selene_43 | Hermes_42 | Selene_36 | Medea_01 | Selene_92 | Dionysus_32 | Demeter_32 | Icarus_06 | Selene_125 | Apollo_45 | Demeter_33 | Selene_94 | Hermes_33 | Hera_38 | HammerAxe_38 | Hermes_37 | Selene_91 | Hera_34 | Selene_51
14.png,Surface,18:58,65,HammerTorch_42,familiars_polecat_01,Hestia_27,Zeus_30,Aphrodite_29,Aphrodite_42,Hera_28,Circe_03 | Hera_38 | Hermes_42 | Hades_09 | Hestia_40 | Hestia_37 | HammerTorch_30 | HammerTorch_29 | Zeus_48 | Artemis_29 | Dionysus_32 | Aphrodite_33 | Zeus_32 | Zeus_31 | Aphrodite_40 | Icarus_05 | Athena_31 | Zeus_37 | Circe_03 | Hermes_32 | Hermes_28
15.png,Surface,20:10,65,HammerSuit_03,familiars_polecat_01,Hera_27,Zeus_30,Hestia_29,Aphrodite_42,EMPTY,Circe_03 | Aphrodite_40 | Dionysus_30 | Hera_37 | HammerSuit_10 | Selene_109 | Zeus_32 | Circe_01 | Selene_128 | Hestia_37 | Hermes_42 | Zeus_31 | Selene_132 | Zeus_43 | Hera_34 | Selene_55 | Zeus_46 | Artemis_29 | Selene_57 | HammerSuit_15 | Hera_36 | Selene_56
16.png,Surface,18:35,65,HammerLob_16,familiars_polecat_01,Zeus_27,Hera_30,Demeter_29,EMPTY,Apollo_28,Circe_03 | Selene_91 | Demeter_33 | Zeus_37 | Hades_09 | Hera_38 | HammerLob_18 | Selene_43 | Medea_01 | Demeter_39 | Dionysus_32 | Selene_90 | HammerLob_21 | Hera_34 | Hermes_34 | Selene_51 | Zeus_42 | Hera_33 | Selene_125 | Selene_94 | Circe_06 | Hermes_33 | Zeus_31 | Selene_36 | Selene_35 | Zeus_32 | Hera_37
17.png,Surface,19:26,65,HammerAxe_42,familiars_polecat_01,Hera_27,Zeus_30,Demeter_29,Apollo_35,Apollo_28,Circe_03 | HammerAxe_35 | Hermes_40 | Hades_09 | Apollo_36 | Selene_51 | HammerAxe_33 | Demeter_33 | Selene_93 | Zeus_32 | Selene_35 | Selene_125 | Hermes_42 | Selene_91 | Selene_36 | Circe_03 | Athena_29 | Demeter_39 | Dionysus_30 | Demeter_41
18.png,Surface,18:51,65,HammerStaff_42,familiars_polecat_01,Zeus_27,Hera_30,Hestia_29,EMPTY,EMPTY,Trait_UnusedWeaponBonus2 | Zeus_43 | Hermes_41 | Selene_125 | Circe_03 | HammerStaff_38 | Hestia_37 | Selene_35 | Hades_09 | Hera_34 | Hestia_36 | Selene_36 | HammerStaff_43 | Demeter_33 | Athena_29 | Selene_43 | Medea_01 | Dionysus_30 | Demeter_32 | Selene_93 | Circe_03 | Zeus_32 | Selene_91 | Hera_37 | Hera_33 | Hermes_42 | Selene_51
19.png,Surface,19:25,65,HammerTorch_40,familiars_polecat_01,Hera_27,Zeus_30,Zeus_29,Poseidon_31,EMPTY,Jpom | Circe_03 | Selene_65 | Dionysus_30 | Hades_07 | Hermes_42 | Selene_124 | Zeus_37 | Demeter_33 | HammerTorch_37 | Selene_36 | Poseidon_38 | Medea_04 | Hermes_37 | Selene_67 | Hera_31 | Poseidon_39 | Poseidon_44 | Selene_88 | Zeus_33 | Artemis_27 | Selene_35 | Hera_34 | HammerTorch_28 | Selene_40 | Athena_31
2.png,Underworld,23:29,40,HammerStaff_41,familiars_frog_01,Ares_27,Zeus_30,Hestia_29,Aphrodite_42,EMPTY,Trait_UnusedWeaponBonus2 | Selene_61 | Chaos_49 | Ares_41 | Selene_52 | Selene_35 | Zeus_37 | Aphrodite_40 | HammerStaff_36 | Ares_36 | Ares_39 | Aphrodite_32 | Hestia_40 | Hestia_45 | Hermes_37 | Narcissus_07 | Ares_34 | Selene_43 | Hermes_40 | Hades_02 | Selene_37 | HammerStaff_30 | Hestia_35
20.png,Surface,20:13,65,HammerTorch_41,familiars_polecat_01,Hera_27,Zeus_30,Demeter_29,Apollo_35,Apollo_28,Jpom | Selene_124 | Selene_132 | HammerTorch_28 | Hermes_42 | Selene_70 | Medea_04 | HammerTorch_29 | Selene_40 | Demeter_38 | Demeter_33 | Selene_36 | Circe_03 | Zeus_33 | Selene_39 | Selene_35 | Hermes_41 | Selene_66 | Apollo_36
2026011.JPG,Underworld,16:01,50,HammerLob_15,familiars_raven_01,Hestia_27,Poseidon_30,Aphrodite_29,Poseidon_31,Hera_28,Selene_52 | HammerLob_01 | Aphrodite_35 | Hades_07 | Hera_34 | Hera_31 | Chaos_56 | Poseidon_37 | Poseidon_33 | HammerLob_06 | Aphrodite_36 | Hestia_45 | Ares_32 | Hestia_47 | Poseidon_44 | Hermes_34 | Chaos_51 | Artemis_27
21.png,Surface,19:20,65,HammerDaggers_39,familiars_polecat_01,Zeus_27,Hestia_30,Aphrodite_29,Aphrodite_42,EMPTY,Jpom | Aphrodite_40 | Hestia_37 | Aphrodite_33 | HammerDaggers_41 | Circe_03 | Hermes_41 | Selene_35 | Zeus_38 | Hermes_42 | Hermes_38 | Selene_94 | Medea_06 | Aphrodite_35 | Selene_43 | Selene_51 | Zeus_32 | Hestia_35 | Selene_93 | Selene_36 | Hera_38 | Zeus_39 | Selene_125 | Hestia_40 | Dionysus_32 | Selene_132
22.png,Surface,19:20,65,HammerDaggers_39,familiars_polecat_01,Zeus_27,Hestia_30,Aphrodite_29,Aphrodite_42,EMPTY,Jpom | Aphrodite_40 | Hestia_37 | Aphrodite_33 | HammerDaggers_41 | Circe_03 | Hermes_41 | Selene_35 | Zeus_38 | Hermes_42 | Hermes_38 | Selene_94 | Medea_06 | Aphrodite_35 | Selene_43 | Selene_51 | Zeus_32 | Hestia_35 | Selene_93 | Selene_36 | Hera_38 | Zeus_39 | Selene_125 | Hestia_40 | Dionysus_32 | Selene_132
23.png,Surface,19:22,65,HammerAxe_41,familiars_polecat_01,Attack,Hera_30,Poseidon_29,Apollo_35,Apollo_28,Circe_03 | Selene_35 | Poseidon_34 | Hera_36 | Hades_09 | Selene_43 | HammerAxe_30 | Artemis_28 | Medea_04 | Selene_61 | Selene_37 | Demeter_33 | HammerAxe_36 | Selene_38 | Selene_132 | Poseidon_38 | Circe_07 | Selene_64 | Hera_34 | Hermes_41 | Selene_127 | Dionysus_30 | Demeter_32 | Poseidon_46 | Hera_38
24.png,Surface,16:44,38,HammerTorch_42,familiars_frog_01,Hera_27,Zeus_30,Demeter_29,Apollo_35,Sprint,Trait_UnusedWeaponBonus2 | Poseidon_33 | Apollo_45 | Demeter_41 | Hermes_34 | Dionysus_33 | Artemis_27 | Hermes_42 | Poseidon_34 | Demeter_37 | Zeus_42 | HammerTorch_37 | Icarus_05 | Athena_31 | Demeter_34 | Poseidon_42 | Poseidon_45 | Zeus_37 | HammerTorch_38 | Hera_33
25.png,Surface,19:56,41,HammerLob_15,familiars_frog_01,Attack,Hera_30,Hestia_29,Aphrodite_42,Apollo_28,Apollo_34 | HammerLob_12 | Dionysus_33 | Circe_02 | Zeus_45 | Hera_33 | Hermes_40 | Hestia_44 | Hephaestus_32 | Aphrodite_40 | Hera_34 | HammerLob_04 | Ares_32 | Hera_36 | Hermes_42 | Hestia_45 | Apollo_36 | Hephaestus_39 | Zeus_32 | Hephaestus_37 | Hestia_32
26.png,Surface,17:17,41,HammerLob_15,familiars_frog_01,Attack,Apollo_30,Hestia_29,Aphrodite_42,Apollo_28,Hephaestus_32 | Hephaestus_37 | Apollo_43 | Apollo_45 | Zeus_32 | Zeus_40 | Hestia_40 | Hera_33 | Artemis_27 | Hestia_45 | Hermes_33 | Zeus_45 | Hestia_44 | Hephaestus_37 | Circe_03 | Hestia_35 | Apollo_36 | Hermes_32 | Dionysus_31 | Aphrodite_38 | Aphrodite_40 | HammerLob_04 | Hephaestus_39
27.png,Surface,17:40,55,HammerStaff_42,familiars_frog_01,Zeus_27,EMPTY,Hestia_29,Aphrodite_42,EMPTY,Hephaestus_32 | HammerStaff_33 | Hestia_32 | Hermes_32 | Dionysus_32 | Aphrodite_40 | Circe_03 | Zeus_47 | Hermes_37 | Selene_119 | Zeus_32 | Zeus_31 | Hestia_45 | Zeus_37 | Hestia_40 | Hera_35 | HammerStaff_43 | Athena_31
28.png,Surface,17:56,55,HammerStaff_42,familiars_frog_01,Zeus_27,Special,Hestia_29,Aphrodite_42,EMPTY,Hephaestus_32 | HammerStaff_33 | Hestia_32 | Hermes_32 | Dionysus_32 | Aphrodite_40 | Circe_03 | Zeus_47 | Hermes_37 | Selene_119 | Zeus_32 | Zeus_31 | Hestia_45 | Zeus_37 | Hestia_40 | Hestia_39 | HammerStaff_43 | Athena_31
29.png,Surface,17:03,41,HammerLob_13,familiars_hound_01,Hera_27,Ares_30,Demeter_29,Hera_32,EMPTY,Trait_UnusedWeaponBonus2 | Ares_39 | HammerLob_12 | Poseidon_38 | HammerLob_06 | Circe_03 | Dionysus_30 | Demeter_40 | Demeter_38 | Demeter_34 | Athena_33 | Artemis_27 | Hera_31 | Ares_34 | Hermes_42 | Hermes_34 | Hera_48 | Icarus_06 | Hermes_28 | Demeter_37 | Poseidon_46 | Poseidon_44 | Ares_40
3.png,Underworld,23:29,40,HammerStaff_41,familiars_frog_01,Ares_27,Zeus_30,Hestia_29,Aphrodite_42,EMPTY,Trait_UnusedWeaponBonus2 | Selene_61 | Chaos_49 | Ares_41 | Selene_52 | Selene_35 | Zeus_37 | Aphrodite_40 | HammerStaff_36 | Ares_36 | Ares_39 | Aphrodite_32 | Hestia_40 | Hestia_45 | Hermes_37 | Narcissus_07 | Ares_34 | Selene_43 | Hermes_40 | Hades_02 | Selene_37 | HammerStaff_30 | Hestia_35
30.png,Surface,16:40,41,HammerLob_13,familiars_hound_01,Hera_27,Zeus_30,Demeter_29,Hera_32,EMPTY,HammerLob_06 | Poseidon_44 | Ares_40 | Demeter_38 | Hephaestus_33 | Poseidon_38 | Artemis_27 | Dionysus_30 | Hermes_34 | Demeter_34 | Hera_31 | Athena_33 | Hermes_42 | HammerLob_03 | Circe_07 | Hera_35
31.png,Surface,20:44,41,HammerTorch_42,familiars_frog_01,Zeus_27,Aphrodite_30,Hephaestus_29,Aphrodite_42,EMPTY,Zeus_46 | Dionysus_31 | HammerTorch_43 | Hephaestus_32 | Hermes_42 | Zeus_45 | Circe_03 | Aphrodite_40 | Hermes_37 | Zeus_47 | Aphrodite_35 | Zeus_32 | HammerTorch_32 | Zeus_33
32.png,Underworld,21:10,20,HammerSuit_02,familiars_frog_01,Hestia_27,Special,Apollo_29,Apollo_35,Ares_28,Hera_33 | Ares_32 | HammerSuit_12 | Hermes_32 | Hermes_28 | Ares_38 | Selene_114 | HammerSuit_11 | Ares_35 | Selene_113 | Hestia_34 | Hades_09 | Selene_111 | Selene_112 | Apollo_34 | Narcissus_05 | Selene_116 | Hestia_32 | Hera_36 | Selene_35 | Ares_48
33.png,Underworld,17:21,26,HammerSuit_16,familiars_frog_01,Hestia_27,Zeus_30,Aphrodite_29,Hera_32,EMPTY,Hera_31 | HammerSuit_21 | Selene_56 | Zeus_43 | Narcissus_04 | Hermes_28 | Selene_106 | Chaos_50 | Athena_33 | Selene_128 | Zeus_37 | HammerSuit_07 | Selene_132 | Hera_36 | Aphrodite_37 | Hestia_34 | Zeus_38 | Aphrodite_35 | Zeus_33 | Hestia_40 | Selene_57 | Hades_07
34.png,Underworld,20:42,50,HammerStaff_42,familiars_frog_01,Hestia_27,Apollo_30,Demeter_29,Poseidon_31,Apollo_28,Hermes_42 | Selene_84 | Poseidon_38 | Hestia_40 | Selene_47 | Poseidon_34 | Hestia_35 | Narcissus_03 | Selene_130 | Selene_49 | Demeter_34 | Hestia_42 | Selene_87 | HammerStaff_45 | Hermes_37 | Selene_48 | Hephaestus_32 | Poseidon_42 | Selene_50 | HammerStaff_27
35.png,Underworld,18:49,50,HammerLob_15,familiars_frog_01,Hestia_27,Hephaestus_30,Zeus_29,Aphrodite_42,Apollo_28,Trait_UnusedWeaponBonus2 | Selene_119 | Hermes_42 | Apollo_37 | HammerLob_05 | Apollo_36 | Zeus_48 | Hestia_32 | Hephaestus_32 | Hades_02 | Narcissus_02 | Apollo_43 | Hestia_44
36.png,Underworld,16:33,32,HammerStaff_40,familiars_cat_01,Ares_27,Zeus_30,Hestia_29,Magick,EMPTY,Trait_UnusedWeaponBonus2 | Ares_40 | Hades_02 | Hermes_31 | Zeus_31 | Zeus_43 | HammerStaff_35 | Hera_33 | Hera_36 | Ares_34 | HammerStaff_29 | Zeus_40 | Zeus_32 | Hestia_40 | Demeter_32 | Ares_39 | Narcissus_07 | Ares_41
37.png,Underworld,17:46,32,HammerTorch_42,familiars_cat_01,Hestia_27,Zeus_30,Hestia_29,Hera_32,EMPTY,Hermes_33 | Selene_53 | HammerTorch_38 | Artemis_32 | Selene_126 | Hestia_32 | Narcissus_06 | Zeus_37 | Zeus_43 | Hades_02 | Echo_01 | Hera_37 | Selene_43 | Hestia_40 | Selene_52 | HammerTorch_30
38.png,Surface,19:49,33,HammerStaff_39,familiars_cat_01,Zeus_27,Ares_30,Hestia_29,Hestia_31,Demeter_28,Trait_UnusedWeaponBonus2 | Circe_04 | Demeter_34 | Hestia_32 | HammerStaff_28 | Hestia_40 | Hestia_39 | Demeter_38 | Zeus_32 | Demeter_32 | Hermes_36 | Zeus_43 | Hermes_32 | Athena_30 | Demeter_33 | Hephaestus_37 | Zeus_33 | Hestia_35 | HammerStaff_27 | Ares_34 | Zeus_37 | Hermes_33 | Hestia_37
39.png,Surface,17:51,55,HammerDaggers_38,familiars_polecat_01,Zeus_27,Aphrodite_30,Demeter_29,Poseidon_31,Aphrodite_28,HammerDaggers_41 | HammerDaggers_37 | Zeus_37 | Poseidon_41 | Hermes_37 | Zeus_32 | Hermes_41 | Dionysus_32 | Zeus_33 | Artemis_34 | Icarus_04 | Aphrodite_33 | Zeus_31 | Demeter_33 | Poseidon_39 | Circe_03 | Aphrodite_38 | Athena_31 | Hermes_33
4.png,Underworld,18:01,40,HammerSuit_03,familiars_raven_01,Aphrodite_27,Ares_30,Demeter_29,Ares_31,Zeus_28,Circe_03 | Hermes_41 | HammerSuit_10 | Selene_37 | Hades_09 | Zeus_31 | Zeus_32 | Ares_34 | Hermes_40 | Ares_39 | Ares_41 | Chaos_45 | Selene_38 | Ares_33 | Artemis_34 | Selene_61 | Hades_03 | Aphrodite_35 | Selene_127 | Ares_49 | Demeter_32 | Selene_132 | HammerSuit_15
40.png,Surface,20:07,41,HammerStaff_42,familiars_polecat_01,Zeus_27,Apollo_30,Hera_29,Hera_32,Demeter_28,Demeter_33 | Hera_35 | Hermes_37 | Zeus_32 | Zeus_33 | HammerStaff_33 | Zeus_31 | HammerStaff_27 | Zeus_48 | Hermes_32 | Hera_33 | Apollo_33 | Aphrodite_32 | Demeter_41 | Athena_31 | Icarus_06 | Dionysus_30 | Hermes_41 | Circe_06 | Apollo_41 | Aphrodite_33
41.png,Surface,18:52,62,HammerStaff_42,familiars_polecat_01,Zeus_27,Hera_30,Hestia_29,Aphrodite_42,Demeter_28,Zeus_32 | Hestia_37 | Hera_48 | Zeus_37 | Hermes_37 | Athena_30 | Zeus_43 | Hermes_41 | Hestia_32 | Artemis_29 | Hestia_39 | Aphrodite_33 | Icarus_04 | HammerStaff_33 | Circe_02 | HammerStaff_44 | Zeus_31 | Dionysus_32
42.png,Surface,18:32,62,HammerStaff_42,familiars_polecat_01,Zeus_27,Hera_30,Hestia_29,Aphrodite_42,Demeter_28,Zeus_32 | Hestia_37 | Hera_48 | Zeus_37 | Hermes_37 | Athena_30 | Zeus_43 | Hermes_41 | Hestia_32 | Artemis_29 | Hestia_39 | Aphrodite_33 | Icarus_04 | HammerStaff_33 | Circe_02 | HammerStaff_44 | Zeus_31 | Dionysus_32
43.png,Surface,17:56,43,HammerStaff_42,familiars_polecat_01,Zeus_27,Hestia_30,Hera_29,Aphrodite_42,EMPTY,Zeus_32 | Circe_03 | Hera_33 | Aphrodite_32 | Hera_48 | Hestia_45 | Hestia_40 | Aphrodite_33 | Aphrodite_38 | Hermes_37 | Hermes_33 | Hestia_37 | Zeus_31 | Hestia_39 | Dionysus_29 | Zeus_43 | Hera_40 | Zeus_36 | Hera_36 | Apollo_34 | Aphrodite_40 | Zeus_37 | Hephaestus_34 | Poseidon_34
44.png,Surface,20:17,43,HammerTorch_42,familiars_frog_01,Zeus_27,Ares_30,Hestia_29,Aphrodite_42,Hera_28,Trait_UnusedWeaponBonus2 | Zeus_43 | Dionysus_32 | HammerTorch_35 | Zeus_46 | Hera_34 | Chaos_47 | HammerTorch_29 | Zeus_31 | Apollo_36 | Ares_39 | Hera_36 | Hestia_39 | Apollo_33 | Ares_33 | Zeus_32 | Apollo_45 | Hermes_34 | Ares_34 | Circe_04 | Hermes_40 | Hestia_42 | Ares_43 | Zeus_40 | Chaos_51
45.png,Surface,22:55,43,HammerLob_15,familiars_frog_01,Attack,Hera_30,Apollo_29,Aphrodite_42,Hestia_28,Trait_UnusedWeaponBonus2 | Circe_03 | Aphrodite_37 | Aphrodite_36 | Hephaestus_35 | Apollo_43 | Dionysus_31 | Hephaestus_42 | Aphrodite_41 | Hera_33 | Aphrodite_35 | Hestia_44 | Athena_28 | Hermes_31 | Hestia_41 | HammerLob_08 | Hermes_32 | Aphrodite_38 | Hestia_39 | Icarus_06 | Apollo_36 | Hestia_32
46.png,Surface,22:44,43,HammerStaff_39,familiars_frog_01,Zeus_27,Hestia_30,Poseidon_29,Apollo_35,Demeter_28,Trait_UnusedWeaponBonus2 | HammerStaff_29 | Hestia_46 | Demeter_32 | Hermes_41 | Poseidon_33 | Zeus_32 | Poseidon_32 | Zeus_40 | Zeus_44 | Zeus_31 | Demeter_37 | Apollo_41 | Apollo_36 | HammerStaff_28 | Hestia_37 | Circe_03 | Zeus_43
47.png,Surface,24:37,43,HammerLob_16,familiars_hound_01,Zeus_27,Hera_30,Hestia_29,Aphrodite_42,EMPTY,Zeus_43 | Demeter_32 | Hestia_40 | Icarus_04 | Hera_35 | Demeter_33 | Circe_05 | Hera_34 | Zeus_32 | Hestia_39 | Dionysus_32 | Zeus_37 | HammerLob_17 | Zeus_40 | Aphrodite_40 | HammerLob_18 | Hermes_35 | Hera_36 | Aphrodite_38
48.png,Surface,22:06,43,HammerLob_16,familiars_hound_01,Zeus_27,Hera_30,Hestia_29,Aphrodite_42,Zeus_28,Hermes_42 | Aphrodite_40 | Dionysus_32 | Demeter_38 | Zeus_43 | Circe_03 | Hermes_40 | Aphrodite_36 | HammerLob_18 | Hestia_40 | Hestia_37 | Zeus_31 | Icarus_04 | Zeus_36 | Hestia_39 | Aphrodite_38 | Zeus_37 | Hera_33 | HammerLob_21 | Zeus_32 | Hestia_35 | Hades_07 | Aphrodite_33
49.png,Surface,21:12,45,HammerStaff_40,familiars_cat_01,Zeus_27,Hera_30,Hestia_29,Aphrodite_42,Demeter_28,Hestia_39 | Zeus_31 | Demeter_32 | HammerStaff_33 | Athena_29 | Aphrodite_35 | Hera_33 | Dionysus_28 | HammerStaff_30 | Circe_03 | Zeus_32 | Icarus_05 | Hermes_42 | Zeus_43 | Hestia_32 | Hestia_40 | Aphrodite_38
5.png,Surface,19:58,40,HammerStaff_39,familiars_raven_01,Attack,Apollo_30,Hera_29,Hera_32,Apollo_28,Selene_52 | Hephaestus_38 | Hephaestus_32 | HammerStaff_31 | Hades_03 | HammerStaff_32 | Hephaestus_39 | Hestia_39 | Hestia_40 | Athena_31 | Hermes_38 | Hera_33 | Hermes_31 | Circe_01 | Hera_34 | Hephaestus_33 | Hestia_35 | Hera_38 | Hephaestus_34 | Apollo_44 | Hera_48 | HammerStaff_35
50.png,Underworld,19:26,32,HammerStaff_42,familiars_frog_01,Zeus_27,Hera_30,Hestia_29,Aphrodite_42,Demeter_28,Trait_UnusedWeaponBonus2 | Hermes_33 | Selene_37 | Hera_36 | Aphrodite_32 | Hera_33 | Selene_63 | Ares_32 | Demeter_32 | Zeus_32 | Selene_35 | Aphrodite_35 | Zeus_43 | Selene_38 | HammerStaff_32 | Aphrodite_34 | Aphrodite_40 | Aphrodite_38 | Selene_43 | Aphrodite_33 | Artemis_29 | Hades_02 | Hestia_39
51.png,Underworld,19:24,32,HammerDaggers_38,familiars_frog_01,Hera_27,Zeus_30,Hestia_29,Magick,EMPTY,Trait_UnusedWeaponBonus2 | Hermes_34 | Zeus_39 | HammerDaggers_31 | Zeus_32 | Hera_31 | Zeus_37 | HammerDaggers_37 | Hephaestus_33 | Narcissus_09 | Zeus_43 | Zeus_33 | Hephaestus_39 | Hera_33 | Zeus_40 | Hestia_40 | Hera_48 | Hestia_32
52.png,Underworld,19:05,27,HammerAxe_42,familiars_frog_01,Hera_27,Hephaestus_30,Poseidon_29,Hera_32,Poseidon_28,Hermes_33 | Hephaestus_32 | Hades_02 | Athena_31 | Ares_38 | Ares_35 | Ares_36 | Hera_38 | Ares_40 | Artemis_30 | Poseidon_44 | Hephaestus_35 | Poseidon_38 | Echo_01 | Aphrodite_35 | Aphrodite_38 | Hera_31 | HammerAxe_35 | HammerAxe_33
53.png,Underworld,18:28,27,HammerLob_15,familiars_frog_01,Attack,Ares_30,Apollo_29,Poseidon_31,Ares_28,Trait_UnusedWeaponBonus2 | Trait_InfernalContract | Ares_34 | Jpom | Chaos_55 | Poseidon_36 | Hades_01 | HammerLob_04 | Ares_33 | Hermes_33 | Hermes_28 | Apollo_37 | Hephaestus_39 | Apollo_43 | Ares_41 | HammerLob_06 | Poseidon_32 | Ares_35 | Hades_07
54.png,Surface,17:03,62,HammerDaggers_38,familiars_polecat_01,Ares_27,Zeus_30,Hephaestus_29,Magick,Apollo_28,Circe_03 | Apollo_33 | Ares_35 | Hades_09 | Apollo_36 | Hephaestus_34 | HammerDaggers_41 | HammerDaggers_37 | Zeus_33 | Dionysus_32 | Artemis_27 | Ares_39 | Apollo_37 | Zeus_38 | Hephaestus_32 | Ares_34
55.png,Underworld,18:34,26,HammerStaff_40,familiars_cat_01,Hera_27,Zeus_30,Cast,Apollo_35,EMPTY,HammerStaff_33 | Hera_34 | Apollo_31 | Aphrodite_33 | Hermes_31 | HammerStaff_27 | Zeus_41 | Selene_109 | Hera_38 | Demeter_32 | Apollo_36 | Poseidon_34 | Chaos_46 | Poseidon_46 | Hera_40 | Ares_35 | Ares_40 | Hermes_32 | Apollo_34 | Hades_03 | Zeus_44 | Hera_31 | Zeus_31 | Hestia_32 | Echo_07 | Hermes_33 | Demeter_37 | Ares_36
56.png,Surface,23:18,45,HammerDaggers_38,familiars_cat_01,Hera_27,Zeus_30,Hestia_29,Magick,Apollo_28,HammerDaggers_37 | Hermes_34 | Hermes_37 | Zeus_32 | Zeus_43 | Hestia_39 | Hera_36 | HammerDaggers_34 | Zeus_31 | Zeus_37 | Hestia_42 | Hestia_39 | Hestia_40 | Hestia_37 | Hestia_35 | Circe_07 | Apollo_37 | Hestia_32 | Icarus_05 | Dionysus_32
6.png,Surface,20:27,50,HammerStaff_39,familiars_raven_01,Zeus_27,Hera_30,Poseidon_29,Zeus_34,Demeter_28,Circe_03 | Hera_33 | HammerStaff_29 | Demeter_33 | HammerStaff_35 | Hera_34 | Zeus_31 | Zeus_33 | Zeus_37 | Zeus_38 | Hera_37 | Zeus_36 | Circe_03 | Zeus_32 | Dionysus_28 | Zeus_48 | Hermes_41 | Hera_38 | Poseidon_34 | Hermes_31 | Icarus_05 | Demeter_32 | Athena_29 | Zeus_44 | Poseidon_33 | Zeus_40
7.png,Surface,17:13,37,HammerStaff_39,familiars_raven_01,Zeus_27,Hera_30,Hestia_29,EMPTY,Demeter_28,HammerStaff_34 | Hera_33 | Hestia_40 | Zeus_32 | Medea_06 | Hera_40 | Hera_34 | Zeus_37 | Hestia_36 | Apollo_34 | Demeter_33 | Hermes_42 | Icarus_05 | Demeter_37 | Hera_38 | Zeus_31 | Hephaestus_34 | Hera_36 | Zeus_40 | Zeus_39 | Hermes_37 | HammerStaff_38 | Aphrodite_33 | Dionysus_28
8.png,Surface,23:14,25,HammerSuit_03,familiars_frog_01,Poseidon_27,Hera_30,Hestia_29,Zeus_34,Hephaestus_28,Hermes_32 | Hephaestus_38 | Poseidon_32 | Zeus_31 | Hephaestus_32 | Poseidon_37 | Zeus_32 | Demeter_37 | Hera_33 | Hephaestus_35 | Hermes_40 | Hephaestus_34 | Hestia_40 | Hephaestus_33 | Hera_38 | Dionysus_30 | Chaos_44 | Circe_01 | Hera_40 | Hestia_33 | Poseidon_36 | Hera_36 | Ares_40 | Poseidon_46 | Hestia_47 | Arachne_04 | Apollo_34 | Poseidon_39
9.png,Surface,18:55,62,HammerSuit_01,familiars_polecat_01,Hestia_27,Hera_30,Poseidon_29,Magick,Apollo_28,Circe_03 | Hera_48 | Selene_125 | Selene_36 | Hades_09 | Hestia_46 | Hermes_42 | Selene_92 | HammerSuit_10 | Apollo_37 | Hestia_32 | Selene_132 | Medea_01 | HammerSuit_11 | Dionysus_32 | Hestia_37 | Selene_43 | Selene_95 | Hera_38 | Selene_91 | Selene_51 | Hestia_39 | Selene_93 | Selene_90
Anubis_Surf.png,Surface,19:35,62,HammerStaff_42,familiars_polecat_01,Hestia_27,Hera_30,Demeter_29,Hera_32,EMPTY,Trait_UnusedWeaponBonus2 | Dionysus_30 | Selene_126 | Selene_52 | Hera_36 | Hermes_38 | Demeter_33 | Hestia_36 | Athena_28 | HammerStaff_43 | Zeus_32 | Selene_36 | Hestia_36 | Selene_52 | Selene_100 | Ares_32 | Selene_43 | Selene_132 | HammerStaff_27 | Selene_99 | Selene_53
Anubis_UW.png,Underworld,19:41,62,HammerStaff_42,familiars_frog_01,Poseidon_27,Hera_30,Cast,Hera_32,Zeus_28,Trait_UnusedWeaponBonus2 | Aphrodite_35 | Hera_40 | Selene_132 | Selene_52 | Selene_40 | Zeus_31 | Selene_35 | Hades_01 | Selene_39 | Demeter_37 | Hades_02 | HammerStaff_31 | Selene_36 | Aphrodite_33 | Hera_36 | Selene_66 | Hephaestus_34 | Hermes_41 | Hera_48 | Hestia_32 | Narcissus_09 | Echo_01 | Selene_124
Artemis_Surf.png,Surface,19:46,62,HammerDaggers_39,familiars_polecat_01,Hestia_27,Zeus_30,Poseidon_29,UNKNOWN,EMPTY,Trait_UnusedWeaponBonus2 | Selene_69 | Zeus_44 | Selene_52 | Selene_124 | Hestia_37 | HammerDaggers_41 | Circe_04 | Hermes_42 | Medea_01 | Demeter_33 | Zeus_43 | HammerDaggers_33 | Selene_35 | Demeter_32 | Selene_40 | Dionysus_33
Artemis_UW.png,Underworld,19:21,62,HammerDaggers_39,familiars_frog_01,Ares_27,Special,Poseidon_29,Magick,Zeus_28,Trait_UnusedWeaponBonus2 | Ares_32 | Zeus_31 | Selene_52 | Hestia_39 | Ares_36 | HammerDaggers_41 | Selene_122 | Hades_02 | Poseidon_36 | Selene_126 | Selene_43 | Selene_132 | Selene_36 | HammerDaggers_34 | Zeus_32 | Hestia_32
Charon_Surf.png,Surface,16:40,62,HammerAxe_41,familiars_polecat_01,EMPTY,Special,Cast,Apollo_35,Poseidon_28,Trait_UnusedWeaponBonus2 | Poseidon_34 | Demeter_37 | Selene_52 | HammerAxe_30 | Selene_35 | Medea_05 | Hermes_32 | Selene_40 | Artemis_31 | Hephaestus_37 | Selene_39 | Demeter_35 | Hera_33 | Selene_67 | HammerAxe_36 | Hera_31 | Selene_36 | Apollo_42 | Apollo_40
Charon_UW.png,Underworld,20:15,62,HammerAxe_41,familiars_frog_01,Attack,Demeter_30,Cast,Magick,EMPTY,Trait_UnusedWeaponBonus2 | Narcissus_09 | HammerAxe_27 | Selene_52 | Hera_31 | Ares_47 | Hades_07 | Ares_33 | Selene_59 | Demeter_33 | Ares_32 | Selene_37 | Ares_33 | Selene_35 | Selene_127 | HammerAxe_28 | Selene_43 | Demeter_35 | Poseidon_34 | Selene_38 | Hades_02
Circe_Surf.png,Surface,18:08,62,HammerStaff_40,familiars_raven_01,Demeter_27,Hephaestus_30,UNKNOWN,Magick,Apollo_28,Selene_52 | Apollo_43 | Hephaestus_32 | Demeter_43 | HammerStaff_28 | Hephaestus_38 | Apollo_36 | Demeter_33 | Circe_03 | Apollo_45 | HammerStaff_27
Circe_UW.png,Underworld,19:06,62,HammerStaff_40,familiars_raven_01,Zeus_27,Special,Hephaestus_29,Demeter_31,Hephaestus_28,Selene_52 | HammerStaff_33 | Hephaestus_32 | Echo_01 | HammerStaff_35 | Hermes_41 | Hermes_32 | Demeter_33 | Zeus_32 | Hephaestus_33 | Demeter_32
Eos_Surf.png,Surface,18:16,62,HammerTorch_41,familiars_polecat_01,Zeus_27,Hera_30,Hestia_29,Zeus_34,EMPTY,Selene_52 | Zeus_32 | Selene_132 | Hades_03 | HammerTorch_34 | Selene_101 | Hermes_35 | Hermes_33 | Selene_43 | Hestia_39 | Dionysus_33 | Selene_53 | HammerTorch_28 | Selene_36 | Hera_33 | Hera_36 | Selene_126 | Hestia_37 | Selene_52
Hel_Surf.png,Surface,17:14,62,HammerLob_16,familiars_polecat_01,Hephaestus_27,Hera_30,Demeter_29,Magick,Apollo_28,Trait_UnusedWeaponBonus2 | Hera_33 | Demeter_41 | Selene_35 | Selene_52 | Circe_03 | Selene_129 | Selene_44 | Hades_01 | Hades_07 | Selene_132 | Selene_45 | Ares_50 | Apollo_32 | Apollo_45 | Demeter_37 | HammerLob_12 | Selene_46 | Demeter_39 | Apollo_36 | Demeter_33 | Selene_82 | Hermes_41 | Artemis_32 | HammerLob_18 | Hephaestus_32
Hel_UW.png,Underworld,20:30,62,HammerLob_16,familiars_frog_01,Hestia_27,Ares_30,Aphrodite_29,Magick,Sprint,Trait_UnusedWeaponBonus2 | Aphrodite_33 | Selene_132 | Aphrodite_39 | Selene_52 | Narcissus_05 | Selene_56 | Ares_33 | Hades_03 | Ares_32 | Selene_108 | HammerLob_18 | Poseidon_33 | Selene_104 | Hermes_33 | Hestia_35 | Selene_35 | Hestia_34 | Selene_55 | Selene_57 | Ares_34 | Selene_128 | HammerLob_12
Medea_Surf.png,Surface,18:08,62,HammerLob_14,familiars_polecat_01,Attack,Zeus_30,Demeter_29,Magick,Hera_28,Selene_52 | HammerLob_07 | Demeter_33 | Selene_120 | Ares_50 | Demeter_39 | HammerLob_11 | Hermes_42 | Circe_03 | Demeter_40 | Demeter_41 | Demeter_43 | Hades_07 | Hera_34 | Zeus_37 | Hephaestus_38
Medea_UW.png,Underworld,20:14,62,HammerLob_14,familiars_frog_01,Attack,EMPTY,Hestia_29,Magick,Apollo_28,Trait_UnusedWeaponBonus2 | Hephaestus_38 | Selene_52 | HammerLob_09 | Hades_01 | HammerLob_12 | Hephaestus_32 | Echo_01 | Hephaestus_33 | Hestia_36 | Demeter_35 | Hades_02 | Narcissus_03
MelAxe_Surf.png,Surface,19:19,62,HammerAxe_40,familiars_polecat_01,Ares_27,Zeus_30,Poseidon_29,Magick,Poseidon_28,Trait_UnusedWeaponBonus2 | Selene_35 | Zeus_39 | Selene_52 | Selene_40 | Zeus_31 | HammerAxe_32 | Selene_67 | Selene_88 | Hephaestus_32 | Selene_124 | Selene_36 | Aphrodite_35 | HammerAxe_35 | Zeus_37 | Zeus_32 | Dionysus_33 | Hephaestus_38 | Circe_03 | Athena_29
MelBlades_Surf.png,Surface,20:29,62,HammerDaggers_38,familiars_polecat_01,Attack,Zeus_30,Hestia_29,Magick,EMPTY,Trait_UnusedWeaponBonus2 | HammerDaggers_33 | Selene_124 | Selene_52 | Hermes_42 | Selene_132 | HammerDaggers_41 | Zeus_43 | Selene_36 | Hephaestus_32 | Athena_29 | Hestia_37 | Hephaestus_38 | Selene_35 | Circe_04 | Selene_40 | Hestia_44 | Selene_69
MelBlades_UW.png,Underworld,17:51,62,HammerDaggers_38,familiars_frog_01,Attack,Hera_30,Demeter_29,Magick,EMPTY,Trait_UnusedWeaponBonus2 | Hera_35 | Hades_02 | Selene_52 | Demeter_39 | Hera_37 | Hades_09 | Demeter_32 | HammerDaggers_37 | HammerDaggers_31 | Aphrodite_32 | HammerDaggers_41 | Hera_34 | Hephaestus_32 | Hermes_32 | Hermes_41
MelCoat_Surf.png,Surface,18:18,62,HammerSuit_01,familiars_polecat_01,Hestia_27,Zeus_30,Demeter_29,Magick,Hera_28,Trait_UnusedWeaponBonus2 | Hera_36 | Demeter_32 | Selene_52 | Ares_32 | HammerSuit_10 | Hades_09 | Circe_03 | HammerSuit_07 | Hades_07 | Demeter_39 | Zeus_37 | Zeus_43 | Hera_33 | Hestia_35 | Demeter_37
MelCoat_UW.png,Underworld,19:45,62,HammerSuit_01,familiars_frog_01,Hestia_27,Hera_30,UNKNOWN,Hera_32,Demeter_28,Trait_UnusedWeaponBonus2 | Hestia_39 | Selene_126 | Selene_52 | Narcissus_07 | HammerSuit_09 | Hades_07 | Hermes_42 | Hades_02 | HammerSuit_10 | Echo_01 | Hera_36 | Hermes_37 | Selene_52 | Hestia_40 | Demeter_32 | Selene_36 | Hestia_32 | Hera_33 | Selene_100 | Demeter_37
MelFlames_Surf.png,Surface,17:59,62,HammerTorch_39,familiars_polecat_01,Attack,Hera_30,Demeter_29,Hera_32,Demeter_28,Trait_UnusedWeaponBonus2 | Circe_04 | Zeus_37 | Selene_52 | Demeter_41 | Hades_01 | Hera_38 | HammerTorch_27 | HammerTorch_28 | Medea_01 | Hera_48 | Zeus_36 | Athena_33 | Hermes_37 | Demeter_33
MelFlames_UW.png,Underworld,19:22,62,HammerTorch_39,familiars_frog_01,EMPTY,Special,UNKNOWN,Magick,Apollo_28,Trait_UnusedWeaponBonus2 | Selene_35 | HammerTorch_36 | Selene_52 | Selene_45 | Zeus_40 | Hades_09 | Selene_78 | Zeus_32 | Ares_32 | Selene_44 | Hades_02 | Hephaestus_37 | Selene_46 | Poseidon_32 | Hestia_35 | Selene_81 | Ares_39 | HammerTorch_31 | Echo_01
MelSkulls_Surf.png,Surface,18:56,62,HammerLob_13,familiars_polecat_01,Zeus_27,Ares_30,Demeter_29,Magick,EMPTY,Trait_UnusedWeaponBonus2 | Circe_04 | Ares_34 | Selene_52 | Zeus_48 | Zeus_37 | Hermes_33 | Demeter_41 | Zeus_39 | HammerLob_06 | HammerLob_11 | Demeter_33 | Dionysus_31 | Artemis_29 | Hera_48 | Hera_36 | Hermes_42
MelSkulls_UW.png,Underworld,19:37,62,HammerLob_13,familiars_frog_01,Zeus_27,Special,Cast,Magick,Sprint,Trait_UnusedWeaponBonus2 | Demeter_33 | Hephaestus_32 | Selene_52 | Hephaestus_34 | Aphrodite_33 | Hades_09 | Demeter_32 | Hades_02 | Hermes_33 | Narcissus_03 | Aphrodite_35 | HammerLob_01 | Hephaestus_38 | Demeter_39 | Selene_52 | Echo_01
MelStaff_Surf.png,Surface,19:45,62,HammerStaff_39,familiars_polecat_01,Attack,Poseidon_30,Demeter_29,Magick,Hera_28,Trait_UnusedWeaponBonus2 | Hera_33 | Athena_31 | Selene_90 | Selene_52 | Circe_03 | Selene_132 | Selene_51 | Hades_03 | Selene_94 | Poseidon_37 | Hera_38 | HammerStaff_38 | Selene_125 | Hera_36 | Medea_06 | Poseidon_43 | Demeter_32 | Hephaestus_32 | HammerStaff_27 | Selene_91 | Hephaestus_35 | Dionysus_33 | Selene_36
MelStaff_UW.png,Underworld,19:48,62,HammerStaff_39,familiars_frog_01,Zeus_27,Hera_30,Apollo_29,Hera_32,Apollo_28,Trait_UnusedWeaponBonus2 | Hermes_32 | Selene_52 | HammerStaff_27 | Hades_09 | Zeus_37 | HammerStaff_38 | Selene_120 | Apollo_32 | Hera_48 | Hera_36 | Apollo_37
Momus_Surf.png,Surface,18:08,62,HammerStaff_41,familiars_polecat_01,Attack,Aphrodite_30,Demeter_29,Apollo_35,EMPTY,Trait_UnusedWeaponBonus2 | Icarus_06 | Apollo_31 | Demeter_33 | Selene_52 | Hera_31 | Selene_56 | Aphrodite_39 | Circe_04 | Selene_62 | HammerStaff_35 | Hermes_37 | Selene_55 | Selene_35 | Ares_50 | Demeter_37 | Selene_128 | Aphrodite_33 | Apollo_42 | Selene_132 | HammerStaff_36 | Demeter_39
Momus_UW.png,Underworld,19:12,62,HammerStaff_41,familiars_frog_01,Ares_27,Demeter_30,Cast,Demeter_31,EMPTY,Trait_UnusedWeaponBonus2 | Demeter_32 | Selene_52 | Poseidon_34 | HammerStaff_38 | Hermes_38 | Demeter_39 | HammerStaff_30 | Hermes_35 | HammerStaff_29 | Ares_33 | Selene_120 | Poseidon_33
Moros_Surf.png,Surface,18:42,62,HammerTorch_40,familiars_polecat_01,Zeus_27,Hera_30,Demeter_29,Hera_32,EMPTY,Trait_UnusedWeaponBonus2 | Zeus_37 | Hermes_42 | Selene_52 | Hephaestus_32 | Hera_38 | Hades_01 | HammerTorch_31 | Zeus_38 | Hermes_33 | Circe_03 | Hephaestus_34 | Ares_32 | HammerTorch_30 | Demeter_33 | Dionysus_30 | Hephaestus_38 | Demeter_39
Morrigan_Surf.png,Surface,18:54,62,HammerDaggers_42,familiars_polecat_01,Attack,Zeus_30,UNKNOWN,Poseidon_31,Demeter_28,Trait_UnusedWeaponBonus2 | Hephaestus_32 | Selene_52 | HammerDaggers_29 | Medea_06 | Dionysus_31 | HammerDaggers_27 | Demeter_33 | Demeter_32 | Circe_04 | Zeus_37
Nergal_Surf.png,Surface,19:37,62,HammerAxe_43,familiars_polecat_01,Aphrodite_27,Zeus_30,Demeter_29,Aphrodite_42,Poseidon_28,Trait_UnusedWeaponBonus2 | Poseidon_42 | Selene_97 | Selene_52 | Artemis_27 | Selene_36 | Hades_02 | Zeus_42 | Selene_43 | HammerAxe_33 | HammerAxe_44 | Selene_53 | Zeus_37 | Zeus_38 | Selene_52 | Demeter_39 | Selene_122 | Hermes_34 | Aphrodite_35
Nergal_UW.png,Underworld,19:29,62,HammerAxe_43,familiars_frog_01,Ares_27,Ares_30,Poseidon_29,Magick,Hera_28,Selene_52 | Artemis_30 | Selene_120 | Hades_01 | Ares_36 | Poseidon_34 | HammerAxe_33 | Hera_37 | Poseidon_36 | Ares_40 | Hermes_41 | Poseidon_33 | Ares_34 | Aphrodite_35 | Hera_34 | HammerAxe_44
Nyx_Surf.png,Surface,17:36,62,HammerSuit_03,familiars_polecat_01,Attack,Hera_30,Demeter_29,Poseidon_31,Poseidon_28,Trait_UnusedWeaponBonus2 | Hera_36 | Poseidon_43 | Selene_52 | Circe_08 | Hephaestus_32 | Hades_03 | Hades_07 | Selene_129 | HammerSuit_10 | HammerSuit_05 | Selene_132 | Poseidon_33 | Selene_35 | Selene_44 | Hera_35 | Selene_45 | Selene_79 | Demeter_41 | Hermes_34 | Selene_46
Pan_Surf.png,Surface,14:08,62,HammerDaggers_40,familiars_polecat_01,Attack,Hera_30,Hestia_29,Magick,Hephaestus_28,Trait_UnusedWeaponBonus2 | Selene_126 | HammerDaggers_31 | Apollo_43 | Selene_52 | Hera_38 | Selene_53 | Selene_36 | Hades_01 | Circe_01 | Athena_29 | Selene_102 | HammerDaggers_41 | Selene_132 | Hermes_42 | Hestia_39 | Selene_99 | Selene_43 | Hephaestus_32 | Hestia_37 | Selene_98 | Apollo_36 | Dionysus_33 | Selene_52
Persephone_Surf.png,Surface,15:33,62,HammerLob_15,familiars_polecat_01,Ares_27,Hera_30,Demeter_29,Poseidon_31,Apollo_28,Trait_UnusedWeaponBonus2 | Icarus_06 | Selene_52 | HammerLob_10 | Hades_03 | Demeter_33 | HammerLob_06 | Dionysus_31 | Artemis_35 | Aphrodite_35 | Hera_38 | Aphrodite_33 | Circe_03
Selene_Surf.png,Surface,17:21,62,HammerSuit_02,familiars_polecat_01,Attack,Hera_30,Hestia_29,Magick,Demeter_28,Trait_UnusedWeaponBonus2 | Circe_03 | Hermes_34 | Selene_52 | Hephaestus_35 | Hephaestus_33 | Hades_02 | Hestia_39 | Hestia_41 | HammerSuit_10 | HammerSuit_11 | Hestia_44 | Artemis_29 | Demeter_33 | Hestia_37 | Hera_36 | Demeter_41 | Hera_33 | Hephaestus_37 | Athena_29
Shiva_Surf.png,Surface,18:24,62,HammerSuit_16,familiars_polecat_01,Demeter_27,Hera_30,UNKNOWN,Demeter_31,Zeus_28,Trait_UnusedWeaponBonus2 | Demeter_41 | Hermes_37 | Selene_52 | Circe_03 | Hades_03 | Zeus_37 | HammerSuit_19 | HammerSuit_06 | Medea_01 | Dionysus_31 | Hephaestus_32 | Hades_07 | Artemis_27 | Hephaestus_33
Supay_Surf.png,Surface,18:11,62,HammerTorch_42,familiars_polecat_01,Attack,Zeus_30,Cast,Hera_32,Hephaestus_28,Trait_UnusedWeaponBonus2 | Hera_33 | Athena_28 | Selene_52 | Demeter_33 | HammerTorch_30 | Hades_09 | Selene_35 | Hera_36 | Hermes_33 | Selene_36 | Zeus_37 | HammerTorch_36 | Selene_68 | Demeter_32 | Selene_124 | Demeter_38 | Zeus_32
Supay_UW.png,Underworld,18:04,62,HammerTorch_42,familiars_frog_01,Zeus_27,Special,Zeus_29,Magick,Sprint,Trait_UnusedWeaponBonus2 | Hermes_42 | Selene_52 | Hestia_39 | HammerTorch_30 | Zeus_32 | Ares_34 | Hestia_36 | HammerTorch_29 | Echo_01
Thanatos_Surf.png,Surface,20:29,62,HammerAxe_42,familiars_polecat_01,Attack,Zeus_30,Demeter_29,Aphrodite_42,EMPTY,Trait_UnusedWeaponBonus2 | Zeus_48 | Hermes_42 | Selene_52 | Selene_52 | Hades_07 | Zeus_31 | HammerAxe_28 | HammerAxe_35 | Selene_122 | Medea_05 | Selene_53 | Selene_52 | Demeter_33 | Selene_36 | Selene_100 | Hermes_31 | Selene_43 | Hera_34 | Circe_03 | Zeus_37 | Demeter_38
image-41.png,Underworld,18:46,65,HammerStaff_39,familiars_polecat_01,Hestia_27,Hera_30,Demeter_29,Magick,Demeter_28,Selene_120 | HammerStaff_32 | Aphrodite_39 | Hades_09 | HammerStaff_38 | Chaos_54 | Zeus_32 | Hades_07 | Hestia_37
screenshot-102.jpg,Underworld,16:06,62,HammerStaff_42,familiars_polecat_01,Zeus_27,Hera_30,Demeter_29,Aphrodite_42,Sprint,Trait_UnusedWeaponBonus2 | Zeus_37 | Selene_52 | Zeus_42 | Hades_01 | HammerStaff_33 | HammerStaff_44 | Hera_34 | Hera_31 | Zeus_32 | Chaos_56 | Hermes_34 | Hermes_42 | Aphrodite_37
screenshot-109.jpg,Surface,16:44,62,HammerStaff_39,familiars_polecat_01,Zeus_27,Hera_30,Demeter_29,EMPTY,Apollo_28,Trait_UnusedWeaponBonus2 | Zeus_31 | Hermes_42 | Selene_52 | Hermes_28 | Hera_38 | Medea_05 | Hera_34 | Demeter_41 | Zeus_32 | Apollo_33 | Demeter_33 | HammerStaff_28 | Demeter_39 | Zeus_37 | Hera_48 | HammerStaff_33 | Circe_06 | Demeter_37
screenshot-124.jpg,Surface,16:33,62,HammerTorch_41,familiars_polecat_01,Attack,Zeus_30,Demeter_29,EMPTY,Hera_28,Trait_UnusedWeaponBonus2 | Circe_03 | Selene_52 | Zeus_36 | Selene_120 | Hephaestus_32 | HammerTorch_36 | Dionysus_31 | Hera_36 | Hephaestus_36 | Artemis_28 | Demeter_41 | Demeter_38
screenshot-67-1.jpg,Surface,16:20,62,HammerDaggers_40,familiars_raven_01,Attack,Special,Cast,EMPTY,Apollo_28,Trait_UnusedWeaponBonus2 | Hestia_46 | Selene_52 | Apollo_37 | HammerDaggers_41 | HammerDaggers_37 | Chaos_56 | Hestia_36 | Poseidon_43 | Poseidon_45 | Apollo_34 | Ares_32 | Hermes_42 | Hermes_40
screenshot-78.jpg,Underworld,18:37,62,HammerTorch_41,familiars_polecat_01,Zeus_27,Special,Poseidon_29,Magick,Apollo_28,Trait_UnusedWeaponBonus2 | Selene_35 | Apollo_36 | Selene_52 | Selene_39 | Poseidon_39 | Aphrodite_39 | Selene_40 | Hermes_35 | Zeus_44 | Zeus_32 | HammerTorch_27 | Ares_32 | Zeus_37 | HammerTorch_32 | Echo_01
screenshot-88.jpg,Underworld,19:30,65,HammerTorch_42,familiars_polecat_01,Zeus_27,EMPTY,Cast,Magick,Sprint,Selene_120 | Demeter_33 | Poseidon_34 | Hades_09 | Artemis_27 | HammerTorch_29 | Zeus_37 | Hermes_37 | Hermes_42 | Demeter_32 | HammerTorch_30 | Chaos_52 | Zeus_46 | Narcissus_09 | Poseidon_38
